,precision,recall,f1-score,support
Safe,0.8703703703703703,0.8392857142857143,0.8545454545454546,56.0
Dangerous,0.8235294117647058,0.8571428571428571,0.84,49.0
accuracy,0.8476190476190476,0.8476190476190476,0.8476190476190476,0.8476190476190476
macro avg,0.8469498910675382,0.8482142857142857,0.8472727272727273,105.0
weighted avg,0.8485112563543936,0.8476190476190476,0.8477575757575758,105.0
